<?xml version="1.0" encoding="UTF-8" standalone="yes"?>
<configuration xmlns="http://www.jooq.org/xsd/jooq-codegen-3.4.0.xsd">
  <!-- Configure the database connection here -->
  <jdbc>
    <driver>com.mysql.jdbc.Driver</driver>
    <url>jdbc:mysql://localhost:3306/test</url>
    <user>root</user>
    <password>root</password>
  </jdbc>

  <generator>
    <!-- The default code generator. You can override this one, to generate your own code style
         Defaults to org.jooq.util.DefaultGenerator -->
    <name>org.jooq.util.DefaultGenerator</name>

    <database>
      <!-- The database type. The format here is:
           org.util.[database].[database]Database 

           org.jooq.util.ase.ASEDatabase (to be used with Sybase ASE)
           org.jooq.util.cubrid.CUBRIDDatabase
           org.jooq.util.db2.DB2Database
           org.jooq.util.derby.DerbyDatabase
           org.jooq.util.h2.H2Database
           org.jooq.util.hsqldb.HSQLDBDatabase
           org.jooq.util.ingres.IngresDatabase
           org.jooq.util.mysql.MySQLDatabase
           org.jooq.util.oracle.OracleDatabase
           org.jooq.util.postgres.PostgresDatabase
           org.jooq.util.sqlite.SQLiteDatabase
           org.jooq.util.sqlserver.SQLServerDatabase
           org.jooq.util.sybase.SybaseDatabase (to be used with Sybase SQL Anywhere)-->
      <name>org.jooq.util.mysql.MySQLDatabase</name>

      <!-- The database schema (or in the absence of schema support, in your RDBMS this
           can be the owner, user, database name) to be generated -->
      <inputSchema>test</inputSchema>

      <!-- All elements that are generated from your schema
           (A Java regular expression. Use the pipe to separate several expressions)
           Watch out for case-sensitivity. Depending on your database, this might be important! -->
      <includes>.*</includes>

      <!-- All elements that are excluded from your schema
           (A Java regular expression. Use the pipe to separate several expressions).
           Excludes match before includes -->
      <excludes></excludes>
    </database>

    <target>
      <!-- The destination package of your generated classes (within the destination directory) -->
      <packageName>dao.generated</packageName>

      <!-- The destination directory of your generated classes -->
      <directory>src</directory>
    </target>
  </generator>
</configuration>